AirportCode,AirportName,Average_0_15_PassengerCount,Average_121_PassengerCount,Average_16_30_PassengerCount,Average_31_45_PassengerCount,Average_46_60_PassengerCount,Average_61_90_PassengerCount,Average_91_120_PassengerCount,AverageWait,BoothsUsed,ExcludedPassengerCount,FlightCount,FlightDate,GlobalEntryPassengerCount,HourRange,LastUpdated,MaxWait,NonUsaPassengerAverageWait,NonUsaPassengerCount,NonUsaPassengerMaxWait,SiteId,TerminalName,TotalPassengerCount,UsaPassengerAverageWait,UsaPassengerCount,UsaPassengerMaxWait
MDW,Chicago Midway International Airport,80,0,24,0,0,0,0,9,4,6,1,2024-07-01,0,0800 - 0900,2024-08-05 10:23:34,20,11,47,20,A398,Main Terminal,110,8,63,20
MDW,Chicago Midway International Airport,97,0,56,0,0,0,0,12,4,8,1,2024-07-01,1,0900 - 1000,2024-08-05 10:23:34,30,15,83,30,A398,Main Terminal,161,9,78,29
MDW,Chicago Midway International Airport,49,0,0,0,0,0,0,2,2,1,1,2024-07-01,3,1000 - 1100,2024-08-05 10:23:34,10,3,41,10,A398,Main Terminal,50,0,9,0
MDW,Chicago Midway International Airport,78,0,49,0,0,0,0,13,5,6,1,2024-07-01,0,1100 - 1200,2024-08-05 10:23:34,28,15,85,28,A398,Main Terminal,133,9,48,23
MDW,Chicago Midway International Airport,0,0,56,69,0,0,0,32,5,0,1,2024-07-01,1,1200 - 1300,2024-08-05 10:23:34,44,34,68,44,A398,Main Terminal,125,29,57,38
MDW,Chicago Midway International Airport,65,0,61,0,0,0,0,14,5,7,1,2024-07-01,0,1500 - 1600,2024-08-05 10:23:34,29,19,48,29,A398,Main Terminal,133,11,85,28
MDW,Chicago Midway International Airport,50,0,0,0,0,0,0,4,3,3,1,2024-07-01,5,1600 - 1700,2024-08-05 10:23:34,9,4,30,9,A398,Main Terminal,53,3,23,9
MDW,Chicago Midway International Airport,166,0,0,0,0,0,0,6,5,6,1,2024-07-01,11,1800 - 1900,2024-08-05 10:23:34,15,4,11,11,A398,Main Terminal,172,6,161,15
MDW,Chicago Midway International Airport,290,0,32,0,0,0,0,6,5,8,2,2024-07-01,10,1900 - 2000,2024-08-05 10:23:34,21,12,65,21,A398,Main Terminal,330,4,265,21
MDW,Chicago Midway International Airport,172,0,0,0,0,0,0,2,5,5,1,2024-07-01,8,2000 - 2100,2024-08-05 10:23:34,9,1,6,8,A398,Main Terminal,177,2,171,9
MDW,Chicago Midway International Airport,135,0,71,0,0,0,0,11,5,4,2,2024-07-01,9,2100 - 2200,2024-08-05 10:23:34,26,13,65,26,A398,Main Terminal,210,10,145,26
MDW,Chicago Midway International Airport,91,0,57,5,0,0,0,12,4,5,1,2024-07-02,2,0900 - 1000,2024-08-05 10:23:34,32,14,91,32,A398,Main Terminal,158,9,67,31
MDW,Chicago Midway International Airport,10,0,30,0,0,0,0,19,4,2,1,2024-07-02,2,1000 - 1100,2024-08-05 10:23:34,26,21,34,26,A398,Main Terminal,42,11,8,25
MDW,Chicago Midway International Airport,32,0,0,0,0,0,0,3,4,2,1,2024-07-02,5,1600 - 1700,2024-08-05 10:23:34,7,3,22,7,A398,Main Terminal,34,2,12,6
MDW,Chicago Midway International Airport,170,0,0,0,0,0,0,3,5,4,1,2024-07-02,18,1800 - 1900,2024-08-05 10:23:34,10,1,4,4,A398,Main Terminal,174,3,170,10
MDW,Chicago Midway International Airport,308,0,109,28,0,0,0,11,4,14,3,2024-07-02,8,1900 - 2000,2024-08-05 10:23:34,37,18,138,37,A398,Main Terminal,459,8,321,37
MDW,Chicago Midway International Airport,174,0,0,0,0,0,0,4,4,0,1,2024-07-02,13,2000 - 2100,2024-08-05 10:23:34,11,10,2,11,A398,Main Terminal,174,4,172,11
MDW,Chicago Midway International Airport,77,0,62,0,0,0,0,14,3,4,1,2024-07-02,1,2100 - 2200,2024-08-05 10:23:34,26,14,55,25,A398,Main Terminal,143,14,88,26
MDW,Chicago Midway International Airport,21,0,0,0,0,0,0,2,3,1,1,2024-07-02,2,2200 - 2300,2024-08-05 10:23:34,4,2,8,4,A398,Main Terminal,22,1,14,4
MDW,Chicago Midway International Airport,78,0,44,0,0,0,0,12,4,5,1,2024-07-03,0,0800 - 0900,2024-08-05 10:23:43,28,15,81,28,A398,Main Terminal,127,8,46,22
MDW,Chicago Midway International Airport,52,0,35,63,0,0,0,23,4,5,1,2024-07-03,0,0900 - 1000,2024-08-05 10:23:43,42,25,118,42,A398,Main Terminal,155,18,37,35
MDW,Chicago Midway International Airport,5,0,29,0,0,0,0,18,3,1,1,2024-07-03,3,1000 - 1100,2024-08-05 10:23:43,25,19,32,25,A398,Main Terminal,35,0,3,0
MDW,Chicago Midway International Airport,80,0,51,0,0,0,0,12,4,3,1,2024-07-03,2,1100 - 1200,2024-08-05 10:23:43,24,13,51,24,A398,Main Terminal,134,12,83,24
MDW,Chicago Midway International Airport,94,0,58,12,0,0,0,14,4,6,2,2024-07-03,6,1600 - 1700,2024-08-05 10:23:43,34,18,79,34,A398,Main Terminal,170,10,91,33
MDW,Chicago Midway International Airport,244,0,65,0,0,0,0,10,4,18,2,2024-07-03,13,1900 - 2000,2024-08-05 10:23:43,29,15,73,29,A398,Main Terminal,327,9,254,29
MDW,Chicago Midway International Airport,147,0,21,0,0,0,0,9,4,5,1,2024-07-03,9,2000 - 2100,2024-08-05 10:23:43,17,9,4,17,A398,Main Terminal,173,9,169,17
MDW,Chicago Midway International Airport,97,0,40,37,0,0,0,16,3,9,2,2024-07-03,10,2100 - 2200,2024-08-05 10:23:43,36,23,85,36,A398,Main Terminal,183,10,98,36
MDW,Chicago Midway International Airport,164,0,71,33,0,0,0,13,3,7,2,2024-07-04,1,0900 - 1000,2024-08-05 10:23:43,41,18,170,41,A398,Main Terminal,275,6,105,29
MDW,Chicago Midway International Airport,68,0,113,13,0,0,0,18,4,5,2,2024-07-04,8,1000 - 1100,2024-08-05 10:23:43,34,21,125,34,A398,Main Terminal,199,12,74,34
MDW,Chicago Midway International Airport,28,0,0,0,0,0,0,1,5,1,1,2024-07-04,3,1600 - 1700,2024-08-05 10:23:43,3,0,21,3,A398,Main Terminal,29,1,8,3
MDW,Chicago Midway International Airport,201,0,22,0,0,0,0,4,4,4,2,2024-07-04,14,1900 - 2000,2024-08-05 10:23:43,22,10,66,22,A398,Main Terminal,227,2,161,22
MDW,Chicago Midway International Airport,0,0,113,57,0,0,0,28,4,4,1,2024-07-04,5,2000 - 2100,2024-08-05 10:23:43,35,29,13,35,A398,Main Terminal,174,28,161,35
MDW,Chicago Midway International Airport,91,0,49,20,0,0,0,14,3,6,2,2024-07-04,7,2100 - 2200,2024-08-05 10:23:43,37,18,95,37,A398,Main Terminal,166,8,71,34
MDW,Chicago Midway International Airport,139,0,88,27,6,0,0,16,3,16,2,2024-07-05,2,0900 - 1000,2024-08-05 10:23:43,50,21,138,50,A398,Main Terminal,276,12,138,45
MDW,Chicago Midway International Airport,81,0,102,30,0,0,0,19,4,9,2,2024-07-05,2,1000 - 1100,2024-08-05 10:23:43,43,23,124,43,A398,Main Terminal,222,14,98,43
MDW,Chicago Midway International Airport,60,0,54,7,0,0,0,16,4,7,1,2024-07-05,0,1100 - 1200,2024-08-05 10:23:43,32,22,68,32,A398,Main Terminal,128,9,60,25
MDW,Chicago Midway International Airport,36,0,0,0,0,0,0,0,5,0,1,2024-07-05,4,1700 - 1800,2024-08-05 10:23:43,2,0,28,2,A398,Main Terminal,36,0,8,0
MDW,Chicago Midway International Airport,104,0,186,27,0,0,0,19,4,10,2,2024-07-05,7,1900 - 2000,2024-08-05 10:23:43,42,20,83,42,A398,Main Terminal,327,18,244,39
MDW,Chicago Midway International Airport,140,0,0,0,0,0,0,8,4,4,1,2024-07-05,14,2000 - 2100,2024-08-05 10:23:43,15,10,2,11,A398,Main Terminal,144,8,142,15
MDW,Chicago Midway International Airport,41,0,38,88,17,0,0,28,4,7,2,2024-07-05,1,2100 - 2200,2024-08-05 10:23:43,49,27,87,49,A398,Main Terminal,191,28,104,48
MDW,Chicago Midway International Airport,168,0,109,9,0,0,0,14,4,6,2,2024-07-06,3,0900 - 1000,2024-08-05 10:23:43,34,16,130,34,A398,Main Terminal,292,12,162,29
MDW,Chicago Midway International Airport,111,0,26,0,0,0,0,9,5,7,1,2024-07-06,0,1100 - 1200,2024-08-05 10:23:43,23,11,53,23,A398,Main Terminal,144,8,91,20
MDW,Chicago Midway International Airport,58,0,8,0,0,0,0,8,4,2,1,2024-07-06,4,1200 - 1300,2024-08-05 10:23:43,16,10,52,16,A398,Main Terminal,68,4,16,16
MDW,Chicago Midway International Airport,161,0,0,0,0,0,0,6,5,9,1,2024-07-06,15,1400 - 1500,2024-08-05 10:23:43,14,7,2,11,A398,Main Terminal,170,6,168,14
MDW,Chicago Midway International Airport,83,0,56,16,0,0,0,16,5,8,1,2024-07-06,1,1600 - 1700,2024-08-05 10:23:43,40,14,62,39,A398,Main Terminal,163,17,101,40
MDW,Chicago Midway International Airport,47,0,123,0,0,0,0,17,5,5,1,2024-07-06,7,1700 - 1800,2024-08-05 10:23:43,24,22,1,22,A398,Main Terminal,175,17,174,24
MDW,Chicago Midway International Airport,90,0,44,13,0,0,0,13,4,9,1,2024-07-06,0,1800 - 1900,2024-08-05 10:23:43,33,14,58,33,A398,Main Terminal,156,12,98,33
MDW,Chicago Midway International Airport,204,0,32,0,0,0,0,8,4,8,2,2024-07-06,20,1900 - 2000,2024-08-05 10:23:43,21,12,30,21,A398,Main Terminal,244,7,214,19
MDW,Chicago Midway International Airport,194,0,111,0,0,0,0,10,4,11,2,2024-07-06,6,2100 - 2200,2024-08-05 10:23:43,27,15,45,27,A398,Main Terminal,316,10,271,27
MDW,Chicago Midway International Airport,36,0,49,48,0,0,0,24,3,4,1,2024-07-07,5,0800 - 0900,2024-08-05 10:23:43,39,21,39,35,A398,Main Terminal,137,25,98,39
MDW,Chicago Midway International Airport,13,0,43,54,61,4,0,38,3,3,1,2024-07-07,1,0900 - 1000,2024-08-05 10:23:43,61,35,70,61,A398,Main Terminal,178,39,108,61
MDW,Chicago Midway International Airport,67,0,0,0,0,0,0,3,3,3,1,2024-07-07,16,1100 - 1200,2024-08-05 10:23:43,9,2,37,9,A398,Main Terminal,70,3,33,9
MDW,Chicago Midway International Airport,71,0,0,0,0,0,0,2,5,0,1,2024-07-07,10,1600 - 1700,2024-08-05 10:23:43,7,2,25,7,A398,Main Terminal,71,2,46,7
MDW,Chicago Midway International Airport,147,0,0,0,0,0,0,5,5,5,2,2024-07-07,13,1700 - 1800,2024-08-05 10:23:43,12,5,5,8,A398,Main Terminal,152,5,147,12
MDW,Chicago Midway International Airport,167,0,0,0,0,0,0,6,5,2,1,2024-07-07,15,1800 - 1900,2024-08-05 10:23:43,15,6,17,15,A398,Main Terminal,169,5,152,15
MDW,Chicago Midway International Airport,329,0,18,0,0,0,0,4,5,6,2,2024-07-07,25,1900 - 2000,2024-08-05 10:23:43,20,8,78,20,A398,Main Terminal,353,3,275,19
MDW,Chicago Midway International Airport,137,0,0,0,0,0,0,0,5,5,1,2024-07-07,11,2000 - 2100,2024-08-05 10:23:43,4,2,1,2,A398,Main Terminal,142,0,141,4
MDW,Chicago Midway International Airport,155,0,24,0,0,0,0,7,5,3,1,2024-07-07,0,2100 - 2200,2024-08-05 10:23:43,22,10,75,22,A398,Main Terminal,182,4,107,22
MDW,Chicago Midway International Airport,68,0,0,0,0,0,0,0,5,1,1,2024-07-07,12,2200 - 2300,2024-08-05 10:23:43,0,0,26,0,A398,Main Terminal,69,0,43,0
MDW,Chicago Midway International Airport,36,0,57,40,22,0,0,27,3,3,1,2024-07-08,2,0900 - 1000,2024-08-05 10:23:43,55,32,66,55,A398,Main Terminal,158,23,92,54
MDW,Chicago Midway International Airport,83,0,149,110,29,0,0,26,4,7,3,2024-07-08,24,1000 - 1100,2024-08-05 10:23:43,57,32,134,56,A398,Main Terminal,378,23,244,57
MDW,Chicago Midway International Airport,47,0,65,20,0,0,0,19,3,2,1,2024-07-08,3,1200 - 1300,2024-08-05 10:23:43,40,22,50,40,A398,Main Terminal,134,18,84,33
MDW,Chicago Midway International Airport,40,0,64,30,0,0,0,22,4,5,1,2024-07-08,3,1300 - 1400,2024-08-05 10:23:43,38,23,64,37,A398,Main Terminal,139,21,75,38
MDW,Chicago Midway International Airport,66,0,0,0,0,0,0,6,4,2,1,2024-07-08,13,1600 - 1700,2024-08-05 10:23:43,13,7,37,13,A398,Main Terminal,68,4,31,10
MDW,Chicago Midway International Airport,130,0,33,0,0,0,0,9,4,3,1,2024-07-08,8,1800 - 1900,2024-08-05 10:23:43,25,14,24,25,A398,Main Terminal,166,8,142,25
MDW,Chicago Midway International Airport,175,0,129,96,84,15,0,26,3,18,3,2024-07-08,31,1900 - 2000,2024-08-05 10:23:43,69,32,59,69,A398,Main Terminal,517,25,458,68
MDW,Chicago Midway International Airport,80,0,90,37,0,0,0,19,3,9,2,2024-07-08,7,2100 - 2200,2024-08-05 10:23:43,44,19,73,43,A398,Main Terminal,216,19,143,44
MDW,Chicago Midway International Airport,63,0,76,21,0,0,0,19,5,4,1,2024-07-09,3,0900 - 1000,2024-08-05 10:23:43,35,22,69,35,A398,Main Terminal,164,16,95,35
MDW,Chicago Midway International Airport,47,0,18,0,0,0,0,10,4,4,1,2024-07-09,11,1000 - 1100,2024-08-05 10:23:43,26,11,55,26,A398,Main Terminal,69,7,14,18
MDW,Chicago Midway International Airport,54,0,0,0,0,0,0,8,3,2,1,2024-07-09,9,1600 - 1700,2024-08-05 10:23:43,15,10,32,15,A398,Main Terminal,56,7,24,14
MDW,Chicago Midway International Airport,179,0,102,120,66,0,0,24,4,14,3,2024-07-09,25,1900 - 2000,2024-08-05 10:23:43,57,21,98,52,A398,Main Terminal,481,25,383,57
MDW,Chicago Midway International Airport,220,0,64,0,0,0,0,7,4,13,2,2024-07-09,8,2000 - 2100,2024-08-05 10:23:43,25,14,42,25,A398,Main Terminal,297,6,255,23
MDW,Chicago Midway International Airport,121,0,38,0,0,0,0,8,4,4,1,2024-07-09,2,2100 - 2200,2024-08-05 10:23:43,22,11,67,22,A398,Main Terminal,163,5,96,22
MDW,Chicago Midway International Airport,26,0,0,0,0,0,0,0,4,0,1,2024-07-09,5,2200 - 2300,2024-08-05 10:23:43,0,0,7,0,A398,Main Terminal,26,0,19,0
MDW,Chicago Midway International Airport,86,0,105,56,20,0,0,22,3,7,2,2024-07-10,1,0900 - 1000,2024-08-05 10:23:52,53,28,138,53,A398,Main Terminal,274,17,136,50
MDW,Chicago Midway International Airport,42,0,9,0,0,0,0,11,3,2,1,2024-07-10,8,1000 - 1100,2024-08-05 10:23:52,16,12,47,16,A398,Main Terminal,53,5,6,14
MDW,Chicago Midway International Airport,88,0,55,0,0,0,0,12,4,5,1,2024-07-10,0,1100 - 1200,2024-08-05 10:23:52,26,14,91,26,A398,Main Terminal,148,10,57,25
MDW,Chicago Midway International Airport,150,0,14,0,0,0,0,7,5,6,2,2024-07-10,3,1600 - 1700,2024-08-05 10:23:52,19,8,70,19,A398,Main Terminal,170,6,100,19
MDW,Chicago Midway International Airport,71,0,71,23,0,0,0,17,4,5,1,2024-07-10,4,1800 - 1900,2024-08-05 10:23:52,33,23,82,33,A398,Main Terminal,170,12,88,26
MDW,Chicago Midway International Airport,380,0,42,0,0,0,0,6,4,5,3,2024-07-10,9,1900 - 2000,2024-08-05 10:23:52,23,8,63,22,A398,Main Terminal,427,6,364,23
MDW,Chicago Midway International Airport,122,0,26,0,0,0,0,7,4,4,1,2024-07-10,0,2000 - 2100,2024-08-05 10:23:52,21,11,57,21,A398,Main Terminal,152,5,95,20
MDW,Chicago Midway International Airport,15,0,0,0,0,0,0,3,4,1,1,2024-07-10,2,2100 - 2200,2024-08-05 10:23:52,4,3,6,4,A398,Main Terminal,16,3,10,4
MDW,Chicago Midway International Airport,70,0,61,3,0,0,0,14,4,4,1,2024-07-11,0,0800 - 0900,2024-08-05 10:23:52,31,16,80,31,A398,Main Terminal,138,12,58,28
MDW,Chicago Midway International Airport,86,0,54,19,0,0,0,15,4,5,1,2024-07-11,0,0900 - 1000,2024-08-05 10:23:52,34,18,96,34,A398,Main Terminal,164,11,68,34
MDW,Chicago Midway International Airport,71,0,0,0,0,0,0,4,3,3,1,2024-07-11,9,1000 - 1100,2024-08-05 10:23:52,11,5,63,11,A398,Main Terminal,74,2,11,6
MDW,Chicago Midway International Airport,110,0,43,0,0,0,0,10,5,1,1,2024-07-11,0,1100 - 1200,2024-08-05 10:23:52,26,13,71,26,A398,Main Terminal,154,7,83,26
MDW,Chicago Midway International Airport,69,0,0,0,0,0,0,6,5,3,1,2024-07-11,7,1600 - 1700,2024-08-05 10:23:52,12,7,50,12,A398,Main Terminal,72,4,22,10
MDW,Chicago Midway International Airport,152,0,109,31,16,0,0,16,4,15,2,2024-07-11,3,1800 - 1900,2024-08-05 10:23:52,54,24,115,54,A398,Main Terminal,323,12,208,54
MDW,Chicago Midway International Airport,66,0,96,0,0,0,0,16,3,6,1,2024-07-11,16,1900 - 2000,2024-08-05 10:23:52,28,26,5,28,A398,Main Terminal,168,16,163,28
MDW,Chicago Midway International Airport,3,0,134,36,0,0,0,24,4,1,1,2024-07-11,8,2000 - 2100,2024-08-05 10:23:52,33,30,1,30,A398,Main Terminal,174,24,173,33
MDW,Chicago Midway International Airport,145,0,58,0,0,0,0,9,5,4,2,2024-07-11,9,2100 - 2200,2024-08-05 10:23:52,25,11,111,25,A398,Main Terminal,207,6,96,21
MDW,Chicago Midway International Airport,62,0,50,26,0,0,0,18,4,6,1,2024-07-12,1,0800 - 0900,2024-08-05 10:23:52,40,21,84,40,A398,Main Terminal,144,14,60,39
MDW,Chicago Midway International Airport,121,0,44,62,0,0,0,16,4,5,2,2024-07-12,5,0900 - 1000,2024-08-05 10:23:52,45,21,165,45,A398,Main Terminal,232,5,67,35
MDW,Chicago Midway International Airport,0,0,30,59,30,32,5,47,4,5,1,2024-07-12,0,1000 - 1100,2024-08-05 10:23:52,94,57,70,93,A398,Main Terminal,161,40,91,94
MDW,Chicago Midway International Airport,12,0,21,18,32,70,0,52,3,2,1,2024-07-12,0,1100 - 1200,2024-08-05 10:23:52,83,64,93,83,A398,Main Terminal,155,35,62,83
MDW,Chicago Midway International Airport,75,0,0,0,0,0,0,2,5,0,1,2024-07-12,5,1600 - 1700,2024-08-05 10:23:52,7,3,62,7,A398,Main Terminal,75,0,13,2
MDW,Chicago Midway International Airport,133,0,0,0,0,0,0,2,5,2,1,2024-07-12,4,1800 - 1900,2024-08-05 10:23:52,9,4,26,9,A398,Main Terminal,135,2,109,9
MDW,Chicago Midway International Airport,175,0,136,0,0,0,0,13,4,8,2,2024-07-12,4,1900 - 2000,2024-08-05 10:23:52,28,12,84,28,A398,Main Terminal,319,14,235,26
MDW,Chicago Midway International Airport,166,0,0,0,0,0,0,3,4,1,1,2024-07-12,8,2000 - 2100,2024-08-05 10:23:52,10,2,6,5,A398,Main Terminal,167,3,161,10
MDW,Chicago Midway International Airport,150,0,0,0,0,0,0,3,4,3,1,2024-07-12,3,2100 - 2200,2024-08-05 10:23:52,11,2,64,10,A398,Main Terminal,153,4,89,11
MDW,Chicago Midway International Airport,38,0,0,0,0,0,0,3,4,2,1,2024-07-12,4,2200 - 2300,2024-08-05 10:23:52,8,2,24,6,A398,Main Terminal,40,4,16,8
MDW,Chicago Midway International Airport,72,0,93,75,62,14,0,30,4,10,2,2024-07-13,0,0900 - 1000,2024-08-05 10:23:52,65,37,200,65,A398,Main Terminal,326,20,126,64
MDW,Chicago Midway International Airport,70,0,122,34,0,0,0,19,5,5,2,2024-07-13,8,1100 - 1200,2024-08-05 10:23:52,39,20,151,39,A398,Main Terminal,231,16,80,38
MDW,Chicago Midway International Airport,162,0,0,0,0,0,0,5,4,4,1,2024-07-13,9,1400 - 1500,2024-08-05 10:23:52,13,0,1,0,A398,Main Terminal,166,5,165,13
MDW,Chicago Midway International Airport,78,0,69,0,0,0,0,13,3,8,1,2024-07-13,9,1600 - 1700,2024-08-05 10:23:52,27,8,6,16,A398,Main Terminal,155,14,149,27
MDW,Chicago Midway International Airport,66,0,63,24,0,0,0,17,4,9,1,2024-07-13,0,1700 - 1800,2024-08-05 10:23:52,37,21,76,37,A398,Main Terminal,162,14,86,37
MDW,Chicago Midway International Airport,105,0,179,118,41,0,0,25,4,25,3,2024-07-13,24,1900 - 2000,2024-08-05 10:23:52,56,26,78,56,A398,Main Terminal,468,25,390,56
MDW,Chicago Midway International Airport,37,0,0,0,0,0,0,6,3,1,1,2024-07-13,4,2000 - 2100,2024-08-05 10:23:52,12,7,21,12,A398,Main Terminal,38,3,17,7
MDW,Chicago Midway International Airport,48,0,44,38,20,0,0,25,3,9,1,2024-07-13,2,2100 - 2200,2024-08-05 10:23:52,55,30,70,55,A398,Main Terminal,159,21,89,53
MDW,Chicago Midway International Airport,84,0,59,0,0,0,0,12,5,3,1,2024-07-14,3,0800 - 0900,2024-08-05 10:23:52,30,14,90,30,A398,Main Terminal,146,10,56,21
MDW,Chicago Midway International Airport,108,0,64,0,0,0,0,11,5,0,1,2024-07-14,0,0900 - 1000,2024-08-05 10:23:52,26,12,81,26,A398,Main Terminal,172,11,91,26
MDW,Chicago Midway International Airport,70,0,0,0,0,0,0,3,5,0,1,2024-07-14,13,1100 - 1200,2024-08-05 10:23:52,9,3,54,9,A398,Main Terminal,70,1,16,7
MDW,Chicago Midway International Airport,177,0,32,0,0,0,0,7,5,4,2,2024-07-14,27,1600 - 1700,2024-08-05 10:23:52,20,14,50,20,A398,Main Terminal,213,4,163,18
MDW,Chicago Midway International Airport,169,0,0,0,0,0,0,5,5,5,1,2024-07-14,2,1800 - 1900,2024-08-05 10:23:52,14,8,80,14,A398,Main Terminal,174,2,94,10
MDW,Chicago Midway International Airport,322,0,116,30,0,0,0,11,5,10,3,2024-07-14,10,1900 - 2000,2024-08-05 10:23:52,40,22,79,40,A398,Main Terminal,478,8,399,40
MDW,Chicago Midway International Airport,125,0,35,0,0,0,0,9,5,3,1,2024-07-14,5,2100 - 2200,2024-08-05 10:23:52,19,9,43,19,A398,Main Terminal,163,8,120,19
MDW,Chicago Midway International Airport,116,0,132,59,9,0,0,20,4,9,2,2024-07-15,6,0900 - 1000,2024-08-05 10:23:52,48,22,149,48,A398,Main Terminal,325,19,176,48
MDW,Chicago Midway International Airport,45,0,125,58,0,0,0,23,5,4,2,2024-07-15,15,1000 - 1100,2024-08-05 10:23:52,42,23,124,42,A398,Main Terminal,232,23,108,42
MDW,Chicago Midway International Airport,96,0,43,15,0,0,0,12,5,4,1,2024-07-15,0,1100 - 1200,2024-08-05 10:23:52,34,15,87,34,A398,Main Terminal,158,9,71,32
MDW,Chicago Midway International Airport,38,0,61,54,0,0,0,24,5,3,1,2024-07-15,2,1200 - 1300,2024-08-05 10:23:52,40,25,73,40,A398,Main Terminal,156,23,83,40
MDW,Chicago Midway International Airport,68,0,0,0,0,0,0,4,5,3,1,2024-07-15,10,1600 - 1700,2024-08-05 10:23:52,11,4,47,11,A398,Main Terminal,71,2,24,8
MDW,Chicago Midway International Airport,165,0,6,0,0,0,0,6,4,2,1,2024-07-15,3,1800 - 1900,2024-08-05 10:23:52,16,9,49,16,A398,Main Terminal,173,5,124,16
MDW,Chicago Midway International Airport,226,0,105,0,0,0,0,9,5,5,2,2024-07-15,26,1900 - 2000,2024-08-05 10:23:52,24,10,9,19,A398,Main Terminal,336,9,327,24
MDW,Chicago Midway International Airport,85,0,68,11,0,0,0,15,4,7,1,2024-07-15,1,2000 - 2100,2024-08-05 10:23:52,33,22,58,33,A398,Main Terminal,171,12,113,30
MDW,Chicago Midway International Airport,58,0,51,44,24,0,0,25,3,5,1,2024-07-16,0,0900 - 1000,2024-08-05 10:23:52,58,30,107,58,A398,Main Terminal,182,17,75,41
MDW,Chicago Midway International Airport,73,0,0,0,0,0,0,5,3,0,1,2024-07-16,15,1100 - 1200,2024-08-05 10:23:52,13,6,58,13,A398,Main Terminal,73,2,15,12
MDW,Chicago Midway International Airport,58,0,0,0,0,0,0,3,5,5,2,2024-07-16,6,1700 - 1800,2024-08-05 10:23:52,8,3,34,7,A398,Main Terminal,63,4,29,8
MDW,Chicago Midway International Airport,364,0,129,4,0,0,0,11,5,24,3,2024-07-16,22,1900 - 2000,2024-08-05 10:23:52,32,14,71,32,A398,Main Terminal,521,10,450,31
MDW,Chicago Midway International Airport,244,0,77,0,0,0,0,10,4,12,2,2024-07-16,21,2000 - 2100,2024-08-05 10:23:52,25,13,53,25,A398,Main Terminal,333,9,280,25
MDW,Chicago Midway International Airport,76,0,72,20,0,0,0,17,4,8,1,2024-07-16,1,2100 - 2200,2024-08-05 10:23:52,34,23,77,34,A398,Main Terminal,176,12,99,34
MDW,Chicago Midway International Airport,31,0,0,0,0,0,0,3,4,2,1,2024-07-16,6,2200 - 2300,2024-08-05 10:23:52,5,2,20,5,A398,Main Terminal,33,3,13,5
MDW,Chicago Midway International Airport,70,0,41,53,68,68,0,38,5,10,2,2024-07-17,3,0900 - 1000,2024-08-05 10:24:01,85,47,207,82,A398,Main Terminal,310,21,103,85
MDW,Chicago Midway International Airport,7,0,1,3,1,25,0,49,4,0,1,2024-07-17,7,1000 - 1100,2024-08-05 10:24:01,66,54,33,66,A398,Main Terminal,37,3,4,11
MDW,Chicago Midway International Airport,111,0,65,0,0,0,0,11,5,6,1,2024-07-17,0,1200 - 1300,2024-08-05 10:24:01,25,13,121,25,A398,Main Terminal,182,9,61,25
MDW,Chicago Midway International Airport,153,0,71,6,0,0,0,12,5,7,2,2024-07-17,10,1600 - 1700,2024-08-05 10:24:01,32,14,124,32,A398,Main Terminal,237,9,113,32
MDW,Chicago Midway International Airport,274,0,46,0,0,0,0,6,4,8,2,2024-07-17,11,1900 - 2000,2024-08-05 10:24:01,19,9,48,19,A398,Main Terminal,328,6,280,19
MDW,Chicago Midway International Airport,300,0,40,0,0,0,0,5,4,7,2,2024-07-17,8,2000 - 2100,2024-08-05 10:24:01,20,11,82,20,A398,Main Terminal,347,3,265,20
MDW,Chicago Midway International Airport,33,0,0,0,0,0,0,0,4,2,1,2024-07-17,5,2100 - 2200,2024-08-05 10:24:01,1,0,22,1,A398,Main Terminal,35,0,13,1
MDW,Chicago Midway International Airport,166,0,0,0,0,0,0,4,4,4,1,2024-07-17,0,2200 - 2300,2024-08-05 10:24:01,15,5,82,15,A398,Main Terminal,170,3,88,15
MDW,Chicago Midway International Airport,76,0,95,143,59,1,0,30,4,15,3,2024-07-18,5,0900 - 1000,2024-08-05 10:24:01,61,34,285,61,A398,Main Terminal,389,18,104,58
MDW,Chicago Midway International Airport,49,0,63,45,0,0,0,22,4,5,1,2024-07-18,0,1000 - 1100,2024-08-05 10:24:01,39,26,72,39,A398,Main Terminal,162,19,90,37
MDW,Chicago Midway International Airport,10,0,0,0,0,0,0,11,1,1,1,2024-07-18,0,1500 - 1600,2024-08-05 10:24:01,13,0,0,0,A398,Main Terminal,11,11,11,13
MDW,Chicago Midway International Airport,69,0,0,0,0,0,0,5,3,5,1,2024-07-18,2,1600 - 1700,2024-08-05 10:24:01,14,6,60,14,A398,Main Terminal,74,2,14,13
MDW,Chicago Midway International Airport,174,0,0,0,0,0,0,5,4,2,1,2024-07-18,7,1800 - 1900,2024-08-05 10:24:01,14,7,23,14,A398,Main Terminal,176,4,153,14
MDW,Chicago Midway International Airport,268,0,48,15,0,0,0,11,4,8,2,2024-07-18,10,1900 - 2000,2024-08-05 10:24:01,36,19,71,36,A398,Main Terminal,339,8,268,31
MDW,Chicago Midway International Airport,163,0,0,0,0,0,0,4,3,3,1,2024-07-18,2,2000 - 2100,2024-08-05 10:24:01,11,5,9,9,A398,Main Terminal,166,4,157,11
MDW,Chicago Midway International Airport,65,0,0,0,0,0,0,3,4,4,1,2024-07-18,10,2100 - 2200,2024-08-05 10:24:01,7,3,54,7,A398,Main Terminal,69,2,15,5
MDW,Chicago Midway International Airport,127,0,36,0,0,0,0,9,4,10,1,2024-07-18,0,2200 - 2300,2024-08-05 10:24:01,21,11,60,21,A398,Main Terminal,173,8,113,19
MDW,Chicago Midway International Airport,76,0,49,97,43,20,0,30,5,9,2,2024-07-19,0,1000 - 1100,2024-08-05 10:24:01,67,33,193,67,A398,Main Terminal,294,27,101,63
MDW,Chicago Midway International Airport,64,0,128,52,23,0,0,25,4,6,2,2024-07-19,1,1100 - 1200,2024-08-05 10:24:01,50,29,143,50,A398,Main Terminal,273,20,130,49
MDW,Chicago Midway International Airport,169,0,0,0,0,0,0,4,5,4,1,2024-07-19,5,1800 - 1900,2024-08-05 10:24:01,14,6,30,14,A398,Main Terminal,173,4,143,14
MDW,Chicago Midway International Airport,142,0,118,28,54,0,0,22,4,9,2,2024-07-19,4,1900 - 2000,2024-08-05 10:24:01,54,35,120,54,A398,Main Terminal,351,15,231,54
MDW,Chicago Midway International Airport,172,0,0,0,0,0,0,6,4,2,1,2024-07-19,0,2000 - 2100,2024-08-05 10:24:01,15,9,7,14,A398,Main Terminal,174,6,167,15
MDW,Chicago Midway International Airport,59,0,68,27,0,0,0,19,4,5,1,2024-07-19,2,2100 - 2200,2024-08-05 10:24:01,36,21,102,36,A398,Main Terminal,159,15,57,35
MDW,Chicago Midway International Airport,48,0,0,0,0,0,0,2,4,3,1,2024-07-19,8,2200 - 2300,2024-08-05 10:24:01,5,2,36,5,A398,Main Terminal,51,1,15,5
MDW,Chicago Midway International Airport,48,0,58,47,14,0,0,25,4,4,1,2024-07-20,1,0800 - 0900,2024-08-05 10:24:01,48,28,106,48,A398,Main Terminal,171,21,65,48
MDW,Chicago Midway International Airport,35,0,41,47,56,7,0,35,3,2,1,2024-07-20,2,0900 - 1000,2024-08-05 10:24:01,62,38,126,62,A398,Main Terminal,188,27,62,60
MDW,Chicago Midway International Airport,35,0,61,55,15,0,0,27,4,1,1,2024-07-20,0,1000 - 1100,2024-08-05 10:24:01,50,27,102,50,A398,Main Terminal,167,26,65,50
MDW,Chicago Midway International Airport,24,0,38,0,0,0,0,16,4,0,1,2024-07-20,2,1100 - 1200,2024-08-05 10:24:01,23,18,49,23,A398,Main Terminal,62,8,13,14
MDW,Chicago Midway International Airport,167,0,0,0,0,0,0,5,4,6,1,2024-07-20,17,1400 - 1500,2024-08-05 10:24:01,13,2,1,2,A398,Main Terminal,173,5,172,13
MDW,Chicago Midway International Airport,55,0,48,38,38,0,0,27,3,4,1,2024-07-20,0,1600 - 1700,2024-08-05 10:24:01,56,30,101,56,A398,Main Terminal,183,25,82,56
MDW,Chicago Midway International Airport,14,0,31,73,56,0,0,36,3,1,1,2024-07-20,5,1700 - 1800,2024-08-05 10:24:01,50,39,2,44,A398,Main Terminal,175,36,173,50
MDW,Chicago Midway International Airport,73,0,80,12,0,0,0,16,3,9,1,2024-07-20,0,1800 - 1900,2024-08-05 10:24:01,34,18,81,34,A398,Main Terminal,174,15,93,34
MDW,Chicago Midway International Airport,177,0,145,11,0,0,0,15,3,20,2,2024-07-20,15,1900 - 2000,2024-08-05 10:24:01,32,17,3,32,A398,Main Terminal,353,15,350,32
MDW,Chicago Midway International Airport,63,0,0,0,0,0,0,6,3,4,1,2024-07-20,10,2000 - 2100,2024-08-05 10:24:01,14,6,38,14,A398,Main Terminal,67,6,29,12
MDW,Chicago Midway International Airport,98,0,75,0,0,0,0,12,3,1,1,2024-07-20,0,2100 - 2200,2024-08-05 10:24:01,27,14,67,27,A398,Main Terminal,174,12,107,27
MDW,Chicago Midway International Airport,141,0,130,77,0,0,0,19,4,12,2,2024-07-21,2,0900 - 1000,2024-08-05 10:24:01,45,20,199,44,A398,Main Terminal,360,18,161,45
MDW,Chicago Midway International Airport,60,0,7,0,0,0,0,8,3,0,1,2024-07-21,18,1100 - 1200,2024-08-05 10:24:01,17,8,47,17,A398,Main Terminal,67,7,20,17
MDW,Chicago Midway International Airport,192,0,0,0,0,0,0,4,4,1,2,2024-07-21,12,1600 - 1700,2024-08-05 10:24:01,12,2,31,6,A398,Main Terminal,193,4,162,12
MDW,Chicago Midway International Airport,8,0,0,0,0,0,0,3,1,1,1,2024-07-21,0,1800 - 1900,2024-08-05 10:24:01,9,0,0,0,A398,Main Terminal,9,3,9,9
MDW,Chicago Midway International Airport,220,0,90,26,0,0,0,12,4,11,2,2024-07-21,6,1900 - 2000,2024-08-05 10:24:01,36,24,87,36,A398,Main Terminal,347,8,260,34
MDW,Chicago Midway International Airport,141,0,0,0,0,0,0,4,3,1,1,2024-07-21,20,2000 - 2100,2024-08-05 10:24:01,12,6,5,10,A398,Main Terminal,142,4,137,12
MDW,Chicago Midway International Airport,60,0,85,17,0,0,0,18,4,8,1,2024-07-21,5,2100 - 2200,2024-08-05 10:24:01,35,22,68,35,A398,Main Terminal,170,15,102,35
MDW,Chicago Midway International Airport,63,0,0,0,0,0,0,8,4,1,1,2024-07-21,7,2200 - 2300,2024-08-05 10:24:01,13,8,25,13,A398,Main Terminal,64,9,39,13
MDW,Chicago Midway International Airport,73,0,56,21,0,0,0,16,4,8,1,2024-07-22,4,0800 - 0900,2024-08-05 10:24:01,36,19,87,36,A398,Main Terminal,158,13,71,36
MDW,Chicago Midway International Airport,126,0,113,15,0,0,0,15,4,10,2,2024-07-22,20,0900 - 1000,2024-08-05 10:24:01,37,17,177,37,A398,Main Terminal,264,11,87,37
MDW,Chicago Midway International Airport,82,0,51,47,0,0,0,20,4,7,1,2024-07-22,0,1000 - 1100,2024-08-05 10:24:01,45,25,73,43,A398,Main Terminal,187,16,114,45
MDW,Chicago Midway International Airport,85,0,55,16,0,0,0,15,4,8,1,2024-07-22,1,1100 - 1200,2024-08-05 10:24:01,38,20,88,38,A398,Main Terminal,164,10,76,38
MDW,Chicago Midway International Airport,67,0,60,42,0,0,0,20,3,9,1,2024-07-22,3,1200 - 1300,2024-08-05 10:24:01,41,22,96,41,A398,Main Terminal,178,17,82,41
MDW,Chicago Midway International Airport,141,0,21,0,0,0,0,9,5,9,1,2024-07-22,11,1500 - 1600,2024-08-05 10:24:01,23,12,10,23,A398,Main Terminal,171,9,161,23
MDW,Chicago Midway International Airport,63,0,10,0,0,0,0,8,3,3,1,2024-07-22,5,1600 - 1700,2024-08-05 10:24:01,19,9,60,19,A398,Main Terminal,76,6,16,19
MDW,Chicago Midway International Airport,92,0,77,0,0,0,0,13,4,6,1,2024-07-22,10,1800 - 1900,2024-08-05 10:24:01,25,11,3,25,A398,Main Terminal,175,13,172,25
MDW,Chicago Midway International Airport,161,0,80,35,13,46,0,23,3,16,2,2024-07-22,38,1900 - 2000,2024-08-05 10:24:01,72,30,5,56,A398,Main Terminal,351,23,346,72
MDW,Chicago Midway International Airport,30,0,42,68,33,0,0,31,3,8,1,2024-07-22,0,2000 - 2100,2024-08-05 10:24:01,54,31,75,54,A398,Main Terminal,181,30,106,54
MDW,Chicago Midway International Airport,82,0,67,16,0,0,0,16,3,8,1,2024-07-22,0,2100 - 2200,2024-08-05 10:24:01,33,13,76,32,A398,Main Terminal,173,18,97,33
MDW,Chicago Midway International Airport,71,0,0,0,0,0,0,5,3,2,1,2024-07-22,8,2200 - 2300,2024-08-05 10:24:01,11,5,39,11,A398,Main Terminal,73,4,34,11
MDW,Chicago Midway International Airport,96,0,77,68,13,0,0,22,4,5,2,2024-07-23,9,0900 - 1000,2024-08-05 10:24:01,56,27,170,56,A398,Main Terminal,259,12,89,56
MDW,Chicago Midway International Airport,45,0,0,0,0,0,0,0,4,0,1,2024-07-23,8,1600 - 1700,2024-08-05 10:24:01,0,0,26,0,A398,Main Terminal,45,0,19,0
MDW,Chicago Midway International Airport,81,0,82,21,0,0,0,17,4,6,1,2024-07-23,0,1900 - 2000,2024-08-05 10:24:01,36,22,55,36,A398,Main Terminal,190,15,135,36
MDW,Chicago Midway International Airport,109,0,101,110,26,0,0,23,5,7,2,2024-07-23,12,2100 - 2200,2024-08-05 10:24:01,52,31,77,52,A398,Main Terminal,353,21,276,52
MDW,Chicago Midway International Airport,260,0,81,0,0,0,0,10,5,21,3,2024-07-23,21,2200 - 2300,2024-08-05 10:24:01,30,12,91,30,A398,Main Terminal,362,9,271,26
MDW,Chicago Midway International Airport,151,0,13,0,0,0,0,9,5,10,1,2024-07-23,16,2300 - 0000,2024-08-05 10:24:01,16,7,7,11,A398,Main Terminal,174,9,167,16
MDW,Chicago Midway International Airport,55,0,29,50,14,0,0,24,4,9,1,2024-07-24,1,0800 - 0900,2024-08-05 10:24:10,49,29,100,49,A398,Main Terminal,157,16,57,47
MDW,Chicago Midway International Airport,53,0,68,47,6,0,0,23,5,9,1,2024-07-24,0,0900 - 1000,2024-08-05 10:24:10,47,24,109,47,A398,Main Terminal,183,20,74,47
MDW,Chicago Midway International Airport,10,0,53,3,0,0,0,21,3,1,1,2024-07-24,9,1000 - 1100,2024-08-05 10:24:10,31,22,59,31,A398,Main Terminal,67,15,8,19
MDW,Chicago Midway International Airport,86,0,51,23,0,0,0,15,4,5,1,2024-07-24,0,1100 - 1200,2024-08-05 10:24:10,41,19,104,41,A398,Main Terminal,165,7,61,28
MDW,Chicago Midway International Airport,139,0,86,7,0,0,0,14,4,3,2,2024-07-24,11,1600 - 1700,2024-08-05 10:24:10,31,11,82,31,A398,Main Terminal,235,15,153,31
MDW,Chicago Midway International Airport,174,0,0,0,0,0,0,5,4,4,1,2024-07-24,10,1800 - 1900,2024-08-05 10:24:10,13,5,12,12,A398,Main Terminal,178,5,166,13
MDW,Chicago Midway International Airport,468,0,34,0,0,0,0,6,4,14,3,2024-07-24,27,1900 - 2000,2024-08-05 10:24:10,25,10,96,25,A398,Main Terminal,516,5,420,17
MDW,Chicago Midway International Airport,128,0,48,13,0,0,0,12,5,5,2,2024-07-24,9,2100 - 2200,2024-08-05 10:24:10,34,14,88,34,A398,Main Terminal,194,10,106,29
MDW,Chicago Midway International Airport,29,0,55,46,10,20,0,32,3,5,1,2024-07-25,1,0800 - 0900,2024-08-05 10:24:10,76,39,93,76,A398,Main Terminal,165,23,72,73
MDW,Chicago Midway International Airport,24,0,29,17,56,130,0,53,4,6,2,2024-07-25,4,0900 - 1000,2024-08-05 10:24:10,86,61,190,86,A398,Main Terminal,262,31,72,82
MDW,Chicago Midway International Airport,72,0,71,21,0,0,0,16,4,6,1,2024-07-25,0,1300 - 1400,2024-08-05 10:24:10,38,22,67,38,A398,Main Terminal,170,12,103,38
MDW,Chicago Midway International Airport,0,0,75,0,0,0,0,22,4,3,1,2024-07-25,5,1600 - 1700,2024-08-05 10:24:10,30,24,53,30,A398,Main Terminal,78,19,25,22
MDW,Chicago Midway International Airport,166,0,3,0,0,0,0,5,3,6,1,2024-07-25,8,1800 - 1900,2024-08-05 10:24:10,16,5,20,16,A398,Main Terminal,175,5,155,16
MDW,Chicago Midway International Airport,331,0,24,0,0,0,0,4,3,7,2,2024-07-25,8,1900 - 2000,2024-08-05 10:24:10,20,11,45,20,A398,Main Terminal,362,3,317,17
MDW,Chicago Midway International Airport,159,0,0,0,0,0,0,8,4,6,1,2024-07-25,7,2000 - 2100,2024-08-05 10:24:10,15,9,5,14,A398,Main Terminal,165,8,160,15
MDW,Chicago Midway International Airport,159,0,45,8,0,0,0,12,4,12,2,2024-07-25,4,2100 - 2200,2024-08-05 10:24:10,32,13,108,32,A398,Main Terminal,224,10,116,32
MDW,Chicago Midway International Airport,35,0,56,45,19,0,0,26,5,9,1,2024-07-26,2,0800 - 0900,2024-08-05 10:24:10,50,29,105,50,A398,Main Terminal,164,22,59,47
MDW,Chicago Midway International Airport,53,0,60,49,21,0,0,24,4,6,1,2024-07-26,0,0900 - 1000,2024-08-05 10:24:10,49,29,128,49,A398,Main Terminal,189,15,61,49
MDW,Chicago Midway International Airport,21,0,55,0,0,0,0,15,4,0,1,2024-07-26,9,1000 - 1100,2024-08-05 10:24:10,24,17,61,24,A398,Main Terminal,76,7,15,16
MDW,Chicago Midway International Airport,58,0,65,37,0,0,0,21,4,5,1,2024-07-26,2,1100 - 1200,2024-08-05 10:24:10,41,23,87,41,A398,Main Terminal,165,18,78,40
MDW,Chicago Midway International Airport,96,0,54,6,0,0,0,13,5,7,1,2024-07-26,0,1400 - 1500,2024-08-05 10:24:10,35,16,60,35,A398,Main Terminal,163,11,103,35
MDW,Chicago Midway International Airport,71,0,0,0,0,0,0,5,5,5,1,2024-07-26,5,1500 - 1600,2024-08-05 10:24:10,10,5,64,10,A398,Main Terminal,76,2,12,7
MDW,Chicago Midway International Airport,131,0,40,0,0,0,0,10,4,5,1,2024-07-26,11,1800 - 1900,2024-08-05 10:24:10,20,12,21,19,A398,Main Terminal,176,9,155,20
MDW,Chicago Midway International Airport,173,0,0,0,0,0,0,6,4,4,1,2024-07-26,3,1900 - 2000,2024-08-05 10:24:10,13,7,3,10,A398,Main Terminal,177,6,174,13
MDW,Chicago Midway International Airport,166,0,135,31,0,0,0,15,5,17,2,2024-07-26,13,2000 - 2100,2024-08-05 10:24:10,40,21,86,40,A398,Main Terminal,349,14,263,40
MDW,Chicago Midway International Airport,197,0,26,0,0,0,0,7,4,11,2,2024-07-26,5,2100 - 2200,2024-08-05 10:24:10,23,8,116,23,A398,Main Terminal,234,6,118,23
MDW,Chicago Midway International Airport,178,0,80,80,0,0,0,17,4,14,2,2024-07-27,1,0900 - 1000,2024-08-05 10:24:10,45,25,192,45,A398,Main Terminal,352,9,160,44
MDW,Chicago Midway International Airport,159,0,67,1,0,0,0,11,4,12,2,2024-07-27,10,1100 - 1200,2024-08-05 10:24:10,31,12,149,31,A398,Main Terminal,239,9,90,30
MDW,Chicago Midway International Airport,172,0,0,0,0,0,0,4,4,3,1,2024-07-27,6,1400 - 1500,2024-08-05 10:24:10,11,1,3,4,A398,Main Terminal,175,4,172,11
MDW,Chicago Midway International Airport,111,0,69,0,0,0,0,11,4,2,1,2024-07-27,0,1600 - 1700,2024-08-05 10:24:10,30,13,87,30,A398,Main Terminal,182,10,95,30
MDW,Chicago Midway International Airport,175,0,0,0,0,0,0,7,4,0,1,2024-07-27,3,1700 - 1800,2024-08-05 10:24:10,13,3,4,6,A398,Main Terminal,175,7,171,13
MDW,Chicago Midway International Airport,67,0,0,0,0,0,0,1,5,2,1,2024-07-27,6,1800 - 1900,2024-08-05 10:24:10,5,2,46,5,A398,Main Terminal,69,0,23,3
MDW,Chicago Midway International Airport,133,0,42,0,0,0,0,9,5,10,1,2024-07-27,5,1900 - 2000,2024-08-05 10:24:10,19,7,35,18,A398,Main Terminal,185,10,150,19
MDW,Chicago Midway International Airport,165,0,120,45,0,0,0,14,4,10,2,2024-07-27,17,2000 - 2100,2024-08-05 10:24:10,34,20,14,34,A398,Main Terminal,340,14,326,34
MDW,Chicago Midway International Airport,103,0,50,0,0,0,0,11,4,7,1,2024-07-27,0,2100 - 2200,2024-08-05 10:24:10,25,15,57,25,A398,Main Terminal,160,9,103,25
MDW,Chicago Midway International Airport,66,0,63,25,0,0,0,18,4,9,1,2024-07-28,0,0800 - 0900,2024-08-05 10:24:10,39,24,71,39,A398,Main Terminal,163,13,92,37
MDW,Chicago Midway International Airport,59,0,74,44,9,0,0,22,4,5,1,2024-07-28,0,0900 - 1000,2024-08-05 10:24:10,47,26,97,47,A398,Main Terminal,191,19,94,47
MDW,Chicago Midway International Airport,74,0,0,0,0,0,0,4,4,0,1,2024-07-28,8,1100 - 1200,2024-08-05 10:24:10,11,4,51,11,A398,Main Terminal,74,2,23,10
MDW,Chicago Midway International Airport,209,0,0,0,0,0,0,3,4,4,2,2024-07-28,17,1600 - 1700,2024-08-05 10:24:10,10,5,31,9,A398,Main Terminal,213,3,182,10
MDW,Chicago Midway International Airport,172,0,0,0,0,0,0,6,4,5,1,2024-07-28,18,1800 - 1900,2024-08-05 10:24:10,15,5,9,11,A398,Main Terminal,177,6,168,15
MDW,Chicago Midway International Airport,174,0,0,0,0,0,0,2,4,3,1,2024-07-28,10,1900 - 2000,2024-08-05 10:24:10,8,2,1,2,A398,Main Terminal,177,2,176,8
MDW,Chicago Midway International Airport,280,0,34,0,0,0,0,6,5,11,2,2024-07-28,9,2000 - 2100,2024-08-05 10:24:10,27,12,75,27,A398,Main Terminal,325,5,250,22
MDW,Chicago Midway International Airport,166,0,72,0,0,0,0,10,5,7,2,2024-07-28,17,2200 - 2300,2024-08-05 10:24:10,26,14,108,26,A398,Main Terminal,245,7,137,26
MDW,Chicago Midway International Airport,66,0,93,71,78,43,0,35,4,9,2,2024-07-29,8,0900 - 1000,2024-08-06 10:00:01,73,44,158,73,A398,Main Terminal,360,28,202,70
MDW,Chicago Midway International Airport,19,0,23,24,0,0,0,23,4,3,1,2024-07-29,13,1000 - 1100,2024-08-06 10:00:01,34,25,58,34,A398,Main Terminal,69,12,11,33
MDW,Chicago Midway International Airport,73,0,37,41,15,0,0,22,4,8,1,2024-07-29,0,1100 - 1200,2024-08-06 10:00:01,51,22,43,51,A398,Main Terminal,174,22,131,50
MDW,Chicago Midway International Airport,43,0,53,91,54,91,16,46,4,7,2,2024-07-29,5,1200 - 1300,2024-08-06 10:00:01,95,56,147,95,A398,Main Terminal,355,39,208,95
MDW,Chicago Midway International Airport,60,0,15,0,0,0,0,10,3,2,1,2024-07-29,8,1600 - 1700,2024-08-06 10:00:01,19,11,46,19,A398,Main Terminal,77,10,31,19
MDW,Chicago Midway International Airport,119,0,52,0,0,0,0,11,4,2,1,2024-07-29,19,1800 - 1900,2024-08-06 10:00:01,23,18,5,22,A398,Main Terminal,173,10,168,23
MDW,Chicago Midway International Airport,172,0,62,76,36,0,0,19,3,10,2,2024-07-29,25,1900 - 2000,2024-08-06 10:00:01,57,36,63,57,A398,Main Terminal,356,16,293,56
MDW,Chicago Midway International Airport,111,0,64,0,0,0,0,11,3,1,1,2024-07-29,6,2000 - 2100,2024-08-06 10:00:01,23,0,0,0,A398,Main Terminal,176,11,176,23
MDW,Chicago Midway International Airport,146,0,69,0,0,0,0,10,5,9,2,2024-07-29,3,2100 - 2200,2024-08-06 10:00:01,27,11,79,27,A398,Main Terminal,224,10,145,27
MDW,Chicago Midway International Airport,87,0,62,33,0,0,0,17,4,4,1,2024-07-30,1,0900 - 1000,2024-08-07 09:30:01,38,22,89,38,A398,Main Terminal,186,12,97,38
MDW,Chicago Midway International Airport,14,0,49,0,0,0,0,19,4,2,1,2024-07-30,9,1000 - 1100,2024-08-07 09:30:01,29,20,58,29,A398,Main Terminal,65,5,7,9
MDW,Chicago Midway International Airport,36,0,0,0,0,0,0,0,4,2,1,2024-07-30,1,1600 - 1700,2024-08-07 09:30:01,1,0,26,1,A398,Main Terminal,38,0,12,1
MDW,Chicago Midway International Airport,133,0,37,0,0,0,0,8,3,6,1,2024-07-30,8,1800 - 1900,2024-08-07 09:30:01,20,6,12,20,A398,Main Terminal,176,8,164,20
MDW,Chicago Midway International Airport,119,0,113,112,0,0,0,21,4,10,2,2024-07-30,13,1900 - 2000,2024-08-07 09:30:01,44,16,50,44,A398,Main Terminal,354,22,304,44
MDW,Chicago Midway International Airport,36,0,198,93,10,0,0,26,4,5,2,2024-07-30,4,2000 - 2100,2024-08-07 09:30:01,47,31,56,47,A398,Main Terminal,342,25,286,47
MDW,Chicago Midway International Airport,77,0,72,11,0,0,0,15,4,7,1,2024-07-30,1,2100 - 2200,2024-08-07 09:30:01,33,18,69,33,A398,Main Terminal,167,13,98,32
MDW,Chicago Midway International Airport,26,0,0,0,0,0,0,6,4,0,1,2024-07-30,4,2200 - 2300,2024-08-07 09:30:01,10,6,14,10,A398,Main Terminal,26,6,12,10
MDW,Chicago Midway International Airport,72,0,86,108,58,5,0,29,4,11,2,2024-07-31,5,0900 - 1000,2024-08-08 00:00:00,63,35,176,63,A398,Main Terminal,340,23,164,52
MDW,Chicago Midway International Airport,7,0,15,51,0,0,0,32,4,3,1,2024-07-31,2,1000 - 1100,2024-08-08 00:00:00,45,35,67,45,A398,Main Terminal,76,6,9,17
MDW,Chicago Midway International Airport,0,0,80,66,8,0,0,30,5,2,1,2024-07-31,0,1100 - 1200,2024-08-08 00:00:00,47,33,59,47,A398,Main Terminal,156,29,97,47
MDW,Chicago Midway International Airport,151,0,103,0,0,0,0,12,5,1,2,2024-07-31,17,1600 - 1700,2024-08-08 00:00:00,29,7,93,28,A398,Main Terminal,255,15,162,29
MDW,Chicago Midway International Airport,172,0,2,0,0,0,0,5,5,8,2,2024-07-31,11,1800 - 1900,2024-08-08 00:00:00,20,5,18,13,A398,Main Terminal,182,5,164,20
MDW,Chicago Midway International Airport,132,0,169,49,0,0,0,19,4,9,2,2024-07-31,6,1900 - 2000,2024-08-08 00:00:00,38,16,68,36,A398,Main Terminal,359,19,291,38
MDW,Chicago Midway International Airport,275,0,62,0,0,0,0,7,4,9,2,2024-07-31,9,2100 - 2200,2024-08-08 00:00:00,28,12,67,28,A398,Main Terminal,346,6,279,28
